{
  "advantage_mean": [
    0.009745506286621094,
    0.003173252105712891,
    0.0003751126229763031,
    -0.00641323709487915,
    -0.01588107681274414,
    0.00814576244354248
  ],
  "advantage_mean_T": [
    250,
    10250,
    20250,
    30250,
    40250,
    50250
  ],
  "agent_grad_norm": [
    0.1700899302959442,
    0.24351035058498383,
    0.0887221172451973,
    0.09089364111423492,
    0.13584785163402557,
    0.003132787300273776
  ],
  "agent_grad_norm_T": [
    250,
    10250,
    20250,
    30250,
    40250,
    50250
  ],
  "coma_loss": [
    0.0006741510587744415,
    -0.09970322996377945,
    -0.05957512557506561,
    -0.06915649771690369,
    -0.11644554883241653,
    0.0007880382472649217
  ],
  "coma_loss_T": [
    250,
    10250,
    20250,
    30250,
    40250,
    50250
  ],
  "critic_grad_norm": [
    6.529725551605225,
    12.462909698486328,
    19.525480270385742,
    24.13838768005371,
    8.070273399353027,
    29.51702308654785
  ],
  "critic_grad_norm_T": [
    250,
    10250,
    20250,
    30250,
    40250,
    50250
  ],
  "critic_loss": [
    126.27472686767578,
    83.07709503173828,
    59.18326950073242,
    39.53739547729492,
    65.75740814208984,
    107.15583038330078
  ],
  "critic_loss_T": [
    250,
    10250,
    20250,
    30250,
    40250,
    50250
  ],
  "ep_length_mean": [
    25.0,
    25.0,
    25.0,
    25.0,
    25.0,
    25.0
  ],
  "ep_length_mean_T": [
    250,
    10250,
    20250,
    30250,
    40250,
    50250
  ],
  "episode": [
    2000
  ],
  "episode_T": [
    50000
  ],
  "pi_max": [
    0.2346769256591797,
    0.6087566528320313,
    0.9481054077148438,
    0.9811923217773437,
    0.9912992553710938,
    0.9949227294921875
  ],
  "pi_max_T": [
    250,
    10250,
    20250,
    30250,
    40250,
    50250
  ],
  "q_taken_mean": [
    0.22568836975097656,
    0.3008344421386719,
    1.0511796875,
    1.9184111328125,
    2.94980712890625,
    3.300536865234375
  ],
  "q_taken_mean_T": [
    250,
    10250,
    20250,
    30250,
    40250,
    50250
  ],
  "return_mean": [
    {
      "dtype": "float64",
      "py/object": "numpy.float64",
      "value": -81.34072354688578
    },
    {
      "dtype": "float64",
      "py/object": "numpy.float64",
      "value": -74.52245294249808
    },
    {
      "dtype": "float64",
      "py/object": "numpy.float64",
      "value": -61.9804361583068
    },
    {
      "dtype": "float64",
      "py/object": "numpy.float64",
      "value": -60.8087588887814
    },
    {
      "dtype": "float64",
      "py/object": "numpy.float64",
      "value": -58.38176850554304
    },
    {
      "dtype": "float64",
      "py/object": "numpy.float64",
      "value": -58.724483977863684
    }
  ],
  "return_mean_T": [
    250,
    10250,
    20250,
    30250,
    40250,
    50250
  ],
  "return_std": [
    {
      "dtype": "float64",
      "py/object": "numpy.float64",
      "value": 19.30811302818234
    },
    {
      "dtype": "float64",
      "py/object": "numpy.float64",
      "value": 25.186440022566448
    },
    {
      "dtype": "float64",
      "py/object": "numpy.float64",
      "value": 18.214255064154116
    },
    {
      "dtype": "float64",
      "py/object": "numpy.float64",
      "value": 16.09158405256302
    },
    {
      "dtype": "float64",
      "py/object": "numpy.float64",
      "value": 16.128943909524217
    },
    {
      "dtype": "float64",
      "py/object": "numpy.float64",
      "value": 14.859742189458808
    }
  ],
  "return_std_T": [
    250,
    10250,
    20250,
    30250,
    40250,
    50250
  ],
  "target_mean": [
    -1.6059326171875,
    7.08590380859375,
    6.77968115234375,
    6.94491064453125,
    3.241383056640625,
    7.3709169921875
  ],
  "target_mean_T": [
    250,
    10250,
    20250,
    30250,
    40250,
    50250
  ],
  "td_error_abs": [
    11.731806640625,
    10.9097705078125,
    8.4800302734375,
    7.458826171875,
    9.8314755859375,
    11.8309765625
  ],
  "td_error_abs_T": [
    250,
    10250,
    20250,
    30250,
    40250,
    50250
  ],
  "test_ep_length_mean": [
    25.0,
    25.0
  ],
  "test_ep_length_mean_T": [
    250,
    50250
  ],
  "test_return_mean": [
    {
      "dtype": "float64",
      "py/object": "numpy.float64",
      "value": -74.73293996107606
    },
    {
      "dtype": "float64",
      "py/object": "numpy.float64",
      "value": -58.13215701568075
    }
  ],
  "test_return_mean_T": [
    250,
    50250
  ],
  "test_return_std": [
    {
      "dtype": "float64",
      "py/object": "numpy.float64",
      "value": 27.0852063242665
    },
    {
      "dtype": "float64",
      "py/object": "numpy.float64",
      "value": 16.315095622326215
    }
  ],
  "test_return_std_T": [
    250,
    50250
  ]
}