{
  "advantage_mean": [
    -0.0022809250354766846,
    0.0008820680379867554,
    -0.003667975664138794,
    0.005564942836761475,
    -0.005168831825256347,
    0.0012470986843109131
  ],
  "advantage_mean_T": [
    250,
    10250,
    20250,
    30250,
    40250,
    50250
  ],
  "agent_grad_norm": [
    0.028547396883368492,
    0.02556009590625763,
    0.0941866934299469,
    0.09662112593650818,
    0.06474705785512924,
    0.0562189556658268
  ],
  "agent_grad_norm_T": [
    250,
    10250,
    20250,
    30250,
    40250,
    50250
  ],
  "coma_loss": [
    -0.018167583271861076,
    -0.021931150928139687,
    -0.030214471742510796,
    0.014578970149159431,
    -0.029604120180010796,
    -0.014802527613937855
  ],
  "coma_loss_T": [
    250,
    10250,
    20250,
    30250,
    40250,
    50250
  ],
  "critic_grad_norm": [
    1.87161123752594,
    2.261604070663452,
    13.38272476196289,
    6.19404935836792,
    2.6436660289764404,
    16.17801856994629
  ],
  "critic_grad_norm_T": [
    250,
    10250,
    20250,
    30250,
    40250,
    50250
  ],
  "critic_loss": [
    42.73298263549805,
    50.695194244384766,
    78.5761489868164,
    42.38868713378906,
    14.205288887023926,
    88.40553283691406
  ],
  "critic_loss_T": [
    250,
    10250,
    20250,
    30250,
    40250,
    50250
  ],
  "ep_length_mean": [
    25.0,
    25.0,
    25.0,
    25.0,
    25.0,
    25.0
  ],
  "ep_length_mean_T": [
    250,
    10250,
    20250,
    30250,
    40250,
    50250
  ],
  "episode": [
    2000
  ],
  "episode_T": [
    50000
  ],
  "pi_max": [
    0.22839535522460938,
    0.29566604614257813,
    0.40601492309570314,
    0.325005615234375,
    0.293680908203125,
    0.5148689575195312
  ],
  "pi_max_T": [
    250,
    10250,
    20250,
    30250,
    40250,
    50250
  ],
  "q_taken_mean": [
    0.004662019729614258,
    -0.085743408203125,
    -0.910887451171875,
    -1.3131143798828124,
    -0.855155517578125,
    -0.4627866821289062
  ],
  "q_taken_mean_T": [
    250,
    10250,
    20250,
    30250,
    40250,
    50250
  ],
  "return_mean": [
    {
      "dtype": "float64",
      "py/object": "numpy.float64",
      "value": -77.45224170317074
    },
    {
      "dtype": "float64",
      "py/object": "numpy.float64",
      "value": -73.90124576907772
    },
    {
      "dtype": "float64",
      "py/object": "numpy.float64",
      "value": -90.63823584965489
    },
    {
      "dtype": "float64",
      "py/object": "numpy.float64",
      "value": -93.68935794392895
    },
    {
      "dtype": "float64",
      "py/object": "numpy.float64",
      "value": -84.03036583142877
    },
    {
      "dtype": "float64",
      "py/object": "numpy.float64",
      "value": -80.93192622491866
    }
  ],
  "return_mean_T": [
    250,
    10250,
    20250,
    30250,
    40250,
    50250
  ],
  "return_std": [
    {
      "dtype": "float64",
      "py/object": "numpy.float64",
      "value": 26.76092410847384
    },
    {
      "dtype": "float64",
      "py/object": "numpy.float64",
      "value": 25.89677135198768
    },
    {
      "dtype": "float64",
      "py/object": "numpy.float64",
      "value": 36.9565006545095
    },
    {
      "dtype": "float64",
      "py/object": "numpy.float64",
      "value": 39.6453222652676
    },
    {
      "dtype": "float64",
      "py/object": "numpy.float64",
      "value": 34.800255537843825
    },
    {
      "dtype": "float64",
      "py/object": "numpy.float64",
      "value": 30.492098392840315
    }
  ],
  "return_std_T": [
    250,
    10250,
    20250,
    30250,
    40250,
    50250
  ],
  "target_mean": [
    -0.30476577758789064,
    0.8417971801757812,
    -4.82877587890625,
    -1.1880665283203125,
    0.6144636840820312,
    -5.2124521484375
  ],
  "target_mean_T": [
    250,
    10250,
    20250,
    30250,
    40250,
    50250
  ],
  "td_error_abs": [
    7.0478251953125,
    7.263458984375,
    8.280384765625,
    7.4676357421875,
    4.484462890625,
    8.3650458984375
  ],
  "td_error_abs_T": [
    250,
    10250,
    20250,
    30250,
    40250,
    50250
  ],
  "test_ep_length_mean": [
    25.0,
    25.0
  ],
  "test_ep_length_mean_T": [
    250,
    50250
  ],
  "test_return_mean": [
    {
      "dtype": "float64",
      "py/object": "numpy.float64",
      "value": -73.47448248755273
    },
    {
      "dtype": "float64",
      "py/object": "numpy.float64",
      "value": -99.64139983744789
    }
  ],
  "test_return_mean_T": [
    250,
    50250
  ],
  "test_return_std": [
    {
      "dtype": "float64",
      "py/object": "numpy.float64",
      "value": 24.416138799040308
    },
    {
      "dtype": "float64",
      "py/object": "numpy.float64",
      "value": 39.783725612086926
    }
  ],
  "test_return_std_T": [
    250,
    50250
  ]
}