{
  "advantage_mean": [
    0.0017830710411071778,
    0.0007079203128814698,
    0.0018840463161468506,
    -0.00153965961933136,
    -0.002565767288208008,
    0.004282546043395996
  ],
  "advantage_mean_T": [
    250,
    10250,
    20250,
    30250,
    40250,
    50250
  ],
  "agent_grad_norm": [
    0.10500918328762054,
    0.057876911014318466,
    0.07287821918725967,
    0.12362585961818695,
    0.10076047480106354,
    0.03755469620227814
  ],
  "agent_grad_norm_T": [
    250,
    10250,
    20250,
    30250,
    40250,
    50250
  ],
  "coma_loss": [
    0.003549434943124652,
    -0.016567517071962357,
    0.007989968173205853,
    -0.0637824758887291,
    -0.06537219882011414,
    -0.02476612478494644
  ],
  "coma_loss_T": [
    250,
    10250,
    20250,
    30250,
    40250,
    50250
  ],
  "critic_grad_norm": [
    4.025712490081787,
    20.176877975463867,
    2.435006856918335,
    22.48334503173828,
    34.32968521118164,
    46.986061096191406
  ],
  "critic_grad_norm_T": [
    250,
    10250,
    20250,
    30250,
    40250,
    50250
  ],
  "critic_loss": [
    131.97518920898438,
    289.7308044433594,
    28.059551239013672,
    51.16447448730469,
    50.758304595947266,
    43.59978485107422
  ],
  "critic_loss_T": [
    250,
    10250,
    20250,
    30250,
    40250,
    50250
  ],
  "ep_length_mean": [
    25.0,
    25.0,
    25.0,
    25.0,
    25.0,
    25.0
  ],
  "ep_length_mean_T": [
    250,
    10250,
    20250,
    30250,
    40250,
    50250
  ],
  "episode": [
    2000
  ],
  "episode_T": [
    50000
  ],
  "pi_max": [
    0.2166066131591797,
    0.3112435607910156,
    0.54428564453125,
    0.8017272338867187,
    0.977091552734375,
    0.9921747436523437
  ],
  "pi_max_T": [
    250,
    10250,
    20250,
    30250,
    40250,
    50250
  ],
  "q_taken_mean": [
    -0.011534822463989259,
    -0.20170843505859376,
    -0.47692279052734377,
    0.16603695678710936,
    1.2838892822265624,
    2.7535185546875
  ],
  "q_taken_mean_T": [
    250,
    10250,
    20250,
    30250,
    40250,
    50250
  ],
  "return_mean": [
    {
      "dtype": "float64",
      "py/object": "numpy.float64",
      "value": -69.52707867622783
    },
    {
      "dtype": "float64",
      "py/object": "numpy.float64",
      "value": -78.9209461956836
    },
    {
      "dtype": "float64",
      "py/object": "numpy.float64",
      "value": -88.10153552764517
    },
    {
      "dtype": "float64",
      "py/object": "numpy.float64",
      "value": -67.18289840969575
    },
    {
      "dtype": "float64",
      "py/object": "numpy.float64",
      "value": -59.762711169003744
    },
    {
      "dtype": "float64",
      "py/object": "numpy.float64",
      "value": -59.189529905112174
    }
  ],
  "return_mean_T": [
    250,
    10250,
    20250,
    30250,
    40250,
    50250
  ],
  "return_std": [
    {
      "dtype": "float64",
      "py/object": "numpy.float64",
      "value": 24.78560829046074
    },
    {
      "dtype": "float64",
      "py/object": "numpy.float64",
      "value": 29.15285153212703
    },
    {
      "dtype": "float64",
      "py/object": "numpy.float64",
      "value": 35.25048413558881
    },
    {
      "dtype": "float64",
      "py/object": "numpy.float64",
      "value": 21.952414844370402
    },
    {
      "dtype": "float64",
      "py/object": "numpy.float64",
      "value": 17.926840162853203
    },
    {
      "dtype": "float64",
      "py/object": "numpy.float64",
      "value": 16.716321634565446
    }
  ],
  "return_std_T": [
    250,
    10250,
    20250,
    30250,
    40250,
    50250
  ],
  "target_mean": [
    -1.3763370361328124,
    -6.727248046875,
    0.3715370178222656,
    8.9136201171875,
    8.646611328125,
    9.626814453125
  ],
  "target_mean_T": [
    250,
    10250,
    20250,
    30250,
    40250,
    50250
  ],
  "td_error_abs": [
    13.10474609375,
    17.591830078125,
    5.7590263671875,
    8.748345703125,
    8.3210771484375,
    7.629564453125
  ],
  "td_error_abs_T": [
    250,
    10250,
    20250,
    30250,
    40250,
    50250
  ],
  "test_ep_length_mean": [
    25.0,
    25.0
  ],
  "test_ep_length_mean_T": [
    250,
    50250
  ],
  "test_return_mean": [
    {
      "dtype": "float64",
      "py/object": "numpy.float64",
      "value": -72.1826988135905
    },
    {
      "dtype": "float64",
      "py/object": "numpy.float64",
      "value": -57.408707117674595
    }
  ],
  "test_return_mean_T": [
    250,
    50250
  ],
  "test_return_std": [
    {
      "dtype": "float64",
      "py/object": "numpy.float64",
      "value": 25.30616814388832
    },
    {
      "dtype": "float64",
      "py/object": "numpy.float64",
      "value": 13.840914215185748
    }
  ],
  "test_return_std_T": [
    250,
    50250
  ]
}